"run_id","date_utc","host_id","ram_class_gb","cpu_model","backend","model_name","model_arch","total_params_b","active_params_b","quantization","context_tokens","output_tokens","concurrency","compression_profile","compression_codec","compression_target_pct","zswap_enabled","tokens_per_sec","ttft_ms","p95_token_latency_ms","peak_rss_gb","swap_used_gb","psi_mem_some_avg10","psi_mem_full_avg10","cpu_avg_pct","cpu_peak_pct","oom_events","run_success","notes"
"R0001","2026-04-26T09:58:13.6105235Z","LEO","8","AMD Ryzen 7 4800H with Radeon Graphics         ","local-llm-runtime","dense-3b-instruct","dense","3","3","Q4_K_M","1024","128","1","none","none","0","false","10","184","39","3.75","0","0","0","65","92","0","true","elapsed_ms=362"
"R0002","2026-04-26T09:58:14.2195059Z","LEO","8","AMD Ryzen 7 4800H with Radeon Graphics         ","local-llm-runtime","dense-3b-instruct","dense","3","3","Q4_K_M","1024","128","1","zram_lz4_25","lz4","25","false","10","184","39","3.75","0","0","0","65","92","0","true","elapsed_ms=305"
"R0003","2026-04-26T09:58:14.5375974Z","LEO","8","AMD Ryzen 7 4800H with Radeon Graphics         ","local-llm-runtime","dense-3b-instruct","dense","3","3","Q4_K_M","1024","128","1","zram_lz4_50","lz4","50","false","10","184","39","3.75","0","0","0","65","92","0","true","elapsed_ms=345"
"R0004","2026-04-26T09:58:14.9305524Z","LEO","8","AMD Ryzen 7 4800H with Radeon Graphics         ","local-llm-runtime","dense-3b-instruct","dense","3","3","Q4_K_M","1024","128","1","zram_zstd_50","zstd","50","false","10","184","39","3.75","0","0","0","65","92","0","true","elapsed_ms=368"
"R0005","2026-04-26T09:58:15.3177866Z","LEO","8","AMD Ryzen 7 4800H with Radeon Graphics         ","local-llm-runtime","dense-3b-instruct","dense","3","3","Q4_K_M","1024","128","1","zswap_lz4_default","lz4","0","true","10","184","39","3.75","0","0","0","65","92","0","true","elapsed_ms=331"
"R0006","2026-04-26T09:58:15.6627022Z","LEO","8","AMD Ryzen 7 4800H with Radeon Graphics         ","local-llm-runtime","dense-3b-instruct","dense","3","3","Q4_K_M","4096","256","1","none","none","0","false","8.5","376","43","4.5","0","0","0","65","92","0","true","elapsed_ms=341"
"R0007","2026-04-26T09:58:16.0197973Z","LEO","8","AMD Ryzen 7 4800H with Radeon Graphics         ","local-llm-runtime","dense-3b-instruct","dense","3","3","Q4_K_M","4096","256","1","zram_lz4_25","lz4","25","false","8.5","376","43","4.5","0","0","0","65","92","0","true","elapsed_ms=403"
"R0008","2026-04-26T09:58:16.4359892Z","LEO","8","AMD Ryzen 7 4800H with Radeon Graphics         ","local-llm-runtime","dense-3b-instruct","dense","3","3","Q4_K_M","4096","256","1","zram_lz4_50","lz4","50","false","8.5","376","43","4.5","0","0","0","65","92","0","true","elapsed_ms=299"
"R0009","2026-04-26T09:58:16.7470956Z","LEO","8","AMD Ryzen 7 4800H with Radeon Graphics         ","local-llm-runtime","dense-3b-instruct","dense","3","3","Q4_K_M","4096","256","1","zram_zstd_50","zstd","50","false","8.5","376","43","4.5","0","0","0","65","92","0","true","elapsed_ms=326"
"R0010","2026-04-26T09:58:17.0915146Z","LEO","8","AMD Ryzen 7 4800H with Radeon Graphics         ","local-llm-runtime","dense-3b-instruct","dense","3","3","Q4_K_M","4096","256","1","zswap_lz4_default","lz4","0","true","8.5","376","43","4.5","0","0","0","65","92","0","true","elapsed_ms=394"
"R0011","2026-04-26T09:58:17.4976165Z","LEO","8","AMD Ryzen 7 4800H with Radeon Graphics         ","local-llm-runtime","dense-3b-instruct","dense","3","3","Q4_K_M","8192","512","1","none","none","0","false","8.25","632","51","5.5","0","0","0","65","92","0","true","elapsed_ms=304"
"R0012","2026-04-26T09:58:17.8138755Z","LEO","8","AMD Ryzen 7 4800H with Radeon Graphics         ","local-llm-runtime","dense-3b-instruct","dense","3","3","Q4_K_M","8192","512","1","zram_lz4_25","lz4","25","false","8.25","632","51","5.5","0","0","0","65","92","0","true","elapsed_ms=307"
"R0013","2026-04-26T09:58:18.1331828Z","LEO","8","AMD Ryzen 7 4800H with Radeon Graphics         ","local-llm-runtime","dense-3b-instruct","dense","3","3","Q4_K_M","8192","512","1","zram_lz4_50","lz4","50","false","8.25","632","51","5.5","0","0","0","65","92","0","true","elapsed_ms=286"
"R0014","2026-04-26T09:58:18.4334762Z","LEO","8","AMD Ryzen 7 4800H with Radeon Graphics         ","local-llm-runtime","dense-3b-instruct","dense","3","3","Q4_K_M","8192","512","1","zram_zstd_50","zstd","50","false","8.25","632","51","5.5","0","0","0","65","92","0","true","elapsed_ms=300"
"R0015","2026-04-26T09:58:18.7447674Z","LEO","8","AMD Ryzen 7 4800H with Radeon Graphics         ","local-llm-runtime","dense-3b-instruct","dense","3","3","Q4_K_M","8192","512","1","zswap_lz4_default","lz4","0","true","8.25","632","51","5.5","0","0","0","65","92","0","true","elapsed_ms=327"
"R0016","2026-04-26T09:58:19.0843993Z","LEO","8","AMD Ryzen 7 4800H with Radeon Graphics         ","local-llm-runtime","dense-7b-instruct","dense","7","7","Q4_K_M","1024","128","1","none","none","0","false","10","184","39","3.75","0","0","0","65","92","0","true","elapsed_ms=339"
"R0017","2026-04-26T09:58:19.4369290Z","LEO","8","AMD Ryzen 7 4800H with Radeon Graphics         ","local-llm-runtime","dense-7b-instruct","dense","7","7","Q4_K_M","1024","128","1","zram_lz4_25","lz4","25","false","10","184","39","3.75","0","0","0","65","92","0","true","elapsed_ms=362"
"R0018","2026-04-26T09:58:19.8154741Z","LEO","8","AMD Ryzen 7 4800H with Radeon Graphics         ","local-llm-runtime","dense-7b-instruct","dense","7","7","Q4_K_M","1024","128","1","zram_lz4_50","lz4","50","false","10","184","39","3.75","0","0","0","65","92","0","true","elapsed_ms=336"
"R0019","2026-04-26T09:58:20.1685041Z","LEO","8","AMD Ryzen 7 4800H with Radeon Graphics         ","local-llm-runtime","dense-7b-instruct","dense","7","7","Q4_K_M","1024","128","1","zram_zstd_50","zstd","50","false","10","184","39","3.75","0","0","0","65","92","0","true","elapsed_ms=361"
"R0020","2026-04-26T09:58:20.5429765Z","LEO","8","AMD Ryzen 7 4800H with Radeon Graphics         ","local-llm-runtime","dense-7b-instruct","dense","7","7","Q4_K_M","1024","128","1","zswap_lz4_default","lz4","0","true","10","184","39","3.75","0","0","0","65","92","0","true","elapsed_ms=317"
"R0021","2026-04-26T09:58:20.8714441Z","LEO","8","AMD Ryzen 7 4800H with Radeon Graphics         ","local-llm-runtime","dense-7b-instruct","dense","7","7","Q4_K_M","4096","256","1","none","none","0","false","8.5","376","43","4.5","0","0","0","65","92","0","true","elapsed_ms=351"
"R0022","2026-04-26T09:58:21.2373125Z","LEO","8","AMD Ryzen 7 4800H with Radeon Graphics         ","local-llm-runtime","dense-7b-instruct","dense","7","7","Q4_K_M","4096","256","1","zram_lz4_25","lz4","25","false","8.5","376","43","4.5","0","0","0","65","92","0","true","elapsed_ms=286"
"R0023","2026-04-26T09:58:21.5348941Z","LEO","8","AMD Ryzen 7 4800H with Radeon Graphics         ","local-llm-runtime","dense-7b-instruct","dense","7","7","Q4_K_M","4096","256","1","zram_lz4_50","lz4","50","false","8.5","376","43","4.5","0","0","0","65","92","0","true","elapsed_ms=314"
"R0024","2026-04-26T09:58:21.8637246Z","LEO","8","AMD Ryzen 7 4800H with Radeon Graphics         ","local-llm-runtime","dense-7b-instruct","dense","7","7","Q4_K_M","4096","256","1","zram_zstd_50","zstd","50","false","8.5","376","43","4.5","0","0","0","65","92","0","true","elapsed_ms=298"
"R0025","2026-04-26T09:58:22.1735946Z","LEO","8","AMD Ryzen 7 4800H with Radeon Graphics         ","local-llm-runtime","dense-7b-instruct","dense","7","7","Q4_K_M","4096","256","1","zswap_lz4_default","lz4","0","true","8.5","376","43","4.5","0","0","0","65","92","0","true","elapsed_ms=363"
"R0026","2026-04-26T09:58:22.5550236Z","LEO","8","AMD Ryzen 7 4800H with Radeon Graphics         ","local-llm-runtime","dense-7b-instruct","dense","7","7","Q4_K_M","8192","512","1","none","none","0","false","8.25","632","51","5.5","0","0","0","65","92","0","true","elapsed_ms=309"
"R0027","2026-04-26T09:58:22.8803713Z","LEO","8","AMD Ryzen 7 4800H with Radeon Graphics         ","local-llm-runtime","dense-7b-instruct","dense","7","7","Q4_K_M","8192","512","1","zram_lz4_25","lz4","25","false","8.25","632","51","5.5","0","0","0","65","92","0","true","elapsed_ms=295"
"R0028","2026-04-26T09:58:23.1885371Z","LEO","8","AMD Ryzen 7 4800H with Radeon Graphics         ","local-llm-runtime","dense-7b-instruct","dense","7","7","Q4_K_M","8192","512","1","zram_lz4_50","lz4","50","false","8.25","632","51","5.5","0","0","0","65","92","0","true","elapsed_ms=285"
"R0029","2026-04-26T09:58:23.4852519Z","LEO","8","AMD Ryzen 7 4800H with Radeon Graphics         ","local-llm-runtime","dense-7b-instruct","dense","7","7","Q4_K_M","8192","512","1","zram_zstd_50","zstd","50","false","8.25","632","51","5.5","0","0","0","65","92","0","true","elapsed_ms=292"
"R0030","2026-04-26T09:58:23.7914523Z","LEO","8","AMD Ryzen 7 4800H with Radeon Graphics         ","local-llm-runtime","dense-7b-instruct","dense","7","7","Q4_K_M","8192","512","1","zswap_lz4_default","lz4","0","true","8.25","632","51","5.5","0","0","0","65","92","0","true","elapsed_ms=287"
"R0031","2026-04-26T09:58:24.0911947Z","LEO","8","AMD Ryzen 7 4800H with Radeon Graphics         ","local-llm-runtime","dense-8b-instruct","dense","8","8","Q4_K_M","1024","128","1","none","none","0","false","10","184","39","3.75","0","0","0","65","92","0","true","elapsed_ms=294"
"R0032","2026-04-26T09:58:24.3977766Z","LEO","8","AMD Ryzen 7 4800H with Radeon Graphics         ","local-llm-runtime","dense-8b-instruct","dense","8","8","Q4_K_M","1024","128","1","zram_lz4_25","lz4","25","false","10","184","39","3.75","0","0","0","65","92","0","true","elapsed_ms=291"
"R0033","2026-04-26T09:58:24.7013621Z","LEO","8","AMD Ryzen 7 4800H with Radeon Graphics         ","local-llm-runtime","dense-8b-instruct","dense","8","8","Q4_K_M","1024","128","1","zram_lz4_50","lz4","50","false","10","184","39","3.75","0","0","0","65","92","0","true","elapsed_ms=379"
"R0034","2026-04-26T09:58:25.1021869Z","LEO","8","AMD Ryzen 7 4800H with Radeon Graphics         ","local-llm-runtime","dense-8b-instruct","dense","8","8","Q4_K_M","1024","128","1","zram_zstd_50","zstd","50","false","10","184","39","3.75","0","0","0","65","92","0","true","elapsed_ms=337"
"R0035","2026-04-26T09:58:25.4545699Z","LEO","8","AMD Ryzen 7 4800H with Radeon Graphics         ","local-llm-runtime","dense-8b-instruct","dense","8","8","Q4_K_M","1024","128","1","zswap_lz4_default","lz4","0","true","10","184","39","3.75","0","0","0","65","92","0","true","elapsed_ms=310"
"R0036","2026-04-26T09:58:25.7795491Z","LEO","8","AMD Ryzen 7 4800H with Radeon Graphics         ","local-llm-runtime","dense-8b-instruct","dense","8","8","Q4_K_M","4096","256","1","none","none","0","false","8.5","376","43","4.5","0","0","0","65","92","0","true","elapsed_ms=312"
"R0037","2026-04-26T09:58:26.1054645Z","LEO","8","AMD Ryzen 7 4800H with Radeon Graphics         ","local-llm-runtime","dense-8b-instruct","dense","8","8","Q4_K_M","4096","256","1","zram_lz4_25","lz4","25","false","8.5","376","43","4.5","0","0","0","65","92","0","true","elapsed_ms=351"
"R0038","2026-04-26T09:58:26.4778557Z","LEO","8","AMD Ryzen 7 4800H with Radeon Graphics         ","local-llm-runtime","dense-8b-instruct","dense","8","8","Q4_K_M","4096","256","1","zram_lz4_50","lz4","50","false","8.5","376","43","4.5","0","0","0","65","92","0","true","elapsed_ms=346"
"R0039","2026-04-26T09:58:26.8424312Z","LEO","8","AMD Ryzen 7 4800H with Radeon Graphics         ","local-llm-runtime","dense-8b-instruct","dense","8","8","Q4_K_M","4096","256","1","zram_zstd_50","zstd","50","false","8.5","376","43","4.5","0","0","0","65","92","0","true","elapsed_ms=292"
"R0040","2026-04-26T09:58:27.1479451Z","LEO","8","AMD Ryzen 7 4800H with Radeon Graphics         ","local-llm-runtime","dense-8b-instruct","dense","8","8","Q4_K_M","4096","256","1","zswap_lz4_default","lz4","0","true","8.5","376","43","4.5","0","0","0","65","92","0","true","elapsed_ms=293"
"R0041","2026-04-26T09:58:27.4536653Z","LEO","8","AMD Ryzen 7 4800H with Radeon Graphics         ","local-llm-runtime","dense-8b-instruct","dense","8","8","Q4_K_M","8192","512","1","none","none","0","false","8.25","632","51","5.5","0","0","0","65","92","0","true","elapsed_ms=322"
"R0042","2026-04-26T09:58:27.7905972Z","LEO","8","AMD Ryzen 7 4800H with Radeon Graphics         ","local-llm-runtime","dense-8b-instruct","dense","8","8","Q4_K_M","8192","512","1","zram_lz4_25","lz4","25","false","8.25","632","51","5.5","0","0","0","65","92","0","true","elapsed_ms=333"
"R0043","2026-04-26T09:58:28.1363733Z","LEO","8","AMD Ryzen 7 4800H with Radeon Graphics         ","local-llm-runtime","dense-8b-instruct","dense","8","8","Q4_K_M","8192","512","1","zram_lz4_50","lz4","50","false","8.25","632","51","5.5","0","0","0","65","92","0","true","elapsed_ms=310"
"R0044","2026-04-26T09:58:28.4592231Z","LEO","8","AMD Ryzen 7 4800H with Radeon Graphics         ","local-llm-runtime","dense-8b-instruct","dense","8","8","Q4_K_M","8192","512","1","zram_zstd_50","zstd","50","false","8.25","632","51","5.5","0","0","0","65","92","0","true","elapsed_ms=338"
"R0045","2026-04-26T09:58:28.8120772Z","LEO","8","AMD Ryzen 7 4800H with Radeon Graphics         ","local-llm-runtime","dense-8b-instruct","dense","8","8","Q4_K_M","8192","512","1","zswap_lz4_default","lz4","0","true","8.25","632","51","5.5","0","0","0","65","92","0","true","elapsed_ms=382"
"R0046","2026-04-26T09:58:29.2098797Z","LEO","8","AMD Ryzen 7 4800H with Radeon Graphics         ","local-llm-runtime","dense-13b-instruct","dense","13","13","Q4_K_M","1024","128","1","none","none","0","false","10","184","39","3.75","0","0","0","65","92","0","true","elapsed_ms=330"
"R0047","2026-04-26T09:58:29.5544389Z","LEO","8","AMD Ryzen 7 4800H with Radeon Graphics         ","local-llm-runtime","dense-13b-instruct","dense","13","13","Q4_K_M","1024","128","1","zram_lz4_25","lz4","25","false","10","184","39","3.75","0","0","0","65","92","0","true","elapsed_ms=338"
"R0048","2026-04-26T09:58:29.9076360Z","LEO","8","AMD Ryzen 7 4800H with Radeon Graphics         ","local-llm-runtime","dense-13b-instruct","dense","13","13","Q4_K_M","1024","128","1","zram_lz4_50","lz4","50","false","10","184","39","3.75","0","0","0","65","92","0","true","elapsed_ms=377"
"R0049","2026-04-26T09:58:30.2986876Z","LEO","8","AMD Ryzen 7 4800H with Radeon Graphics         ","local-llm-runtime","dense-13b-instruct","dense","13","13","Q4_K_M","1024","128","1","zram_zstd_50","zstd","50","false","10","184","39","3.75","0","0","0","65","92","0","true","elapsed_ms=326"
"R0050","2026-04-26T09:58:30.6394320Z","LEO","8","AMD Ryzen 7 4800H with Radeon Graphics         ","local-llm-runtime","dense-13b-instruct","dense","13","13","Q4_K_M","1024","128","1","zswap_lz4_default","lz4","0","true","10","184","39","3.75","0","0","0","65","92","0","true","elapsed_ms=331"
"R0051","2026-04-26T09:58:30.9848591Z","LEO","8","AMD Ryzen 7 4800H with Radeon Graphics         ","local-llm-runtime","dense-13b-instruct","dense","13","13","Q4_K_M","4096","256","1","none","none","0","false","8.5","376","43","4.5","0","0","0","65","92","0","true","elapsed_ms=344"
"R0052","2026-04-26T09:58:31.3421162Z","LEO","8","AMD Ryzen 7 4800H with Radeon Graphics         ","local-llm-runtime","dense-13b-instruct","dense","13","13","Q4_K_M","4096","256","1","zram_lz4_25","lz4","25","false","8.5","376","43","4.5","0","0","0","65","92","0","true","elapsed_ms=417"
"R0053","2026-04-26T09:58:31.7727234Z","LEO","8","AMD Ryzen 7 4800H with Radeon Graphics         ","local-llm-runtime","dense-13b-instruct","dense","13","13","Q4_K_M","4096","256","1","zram_lz4_50","lz4","50","false","8.5","376","43","4.5","0","0","0","65","92","0","true","elapsed_ms=367"
"R0054","2026-04-26T09:58:32.1550641Z","LEO","8","AMD Ryzen 7 4800H with Radeon Graphics         ","local-llm-runtime","dense-13b-instruct","dense","13","13","Q4_K_M","4096","256","1","zram_zstd_50","zstd","50","false","8.5","376","43","4.5","0","0","0","65","92","0","true","elapsed_ms=348"
"R0055","2026-04-26T09:58:32.5180462Z","LEO","8","AMD Ryzen 7 4800H with Radeon Graphics         ","local-llm-runtime","dense-13b-instruct","dense","13","13","Q4_K_M","4096","256","1","zswap_lz4_default","lz4","0","true","8.5","376","43","4.5","0","0","0","65","92","0","true","elapsed_ms=319"
"R0056","2026-04-26T09:58:32.8511009Z","LEO","8","AMD Ryzen 7 4800H with Radeon Graphics         ","local-llm-runtime","dense-13b-instruct","dense","13","13","Q4_K_M","8192","512","1","none","none","0","false","8.25","632","51","5.5","0","0","0","65","92","0","true","elapsed_ms=299"
"R0057","2026-04-26T09:58:33.1624257Z","LEO","8","AMD Ryzen 7 4800H with Radeon Graphics         ","local-llm-runtime","dense-13b-instruct","dense","13","13","Q4_K_M","8192","512","1","zram_lz4_25","lz4","25","false","8.25","632","51","5.5","0","0","0","65","92","0","true","elapsed_ms=295"
"R0058","2026-04-26T09:58:33.4709907Z","LEO","8","AMD Ryzen 7 4800H with Radeon Graphics         ","local-llm-runtime","dense-13b-instruct","dense","13","13","Q4_K_M","8192","512","1","zram_lz4_50","lz4","50","false","8.25","632","51","5.5","0","0","0","65","92","0","true","elapsed_ms=298"
"R0059","2026-04-26T09:58:33.7802621Z","LEO","8","AMD Ryzen 7 4800H with Radeon Graphics         ","local-llm-runtime","dense-13b-instruct","dense","13","13","Q4_K_M","8192","512","1","zram_zstd_50","zstd","50","false","8.25","632","51","5.5","0","0","0","65","92","0","true","elapsed_ms=329"
"R0060","2026-04-26T09:58:34.1245223Z","LEO","8","AMD Ryzen 7 4800H with Radeon Graphics         ","local-llm-runtime","dense-13b-instruct","dense","13","13","Q4_K_M","8192","512","1","zswap_lz4_default","lz4","0","true","8.25","632","51","5.5","0","0","0","65","92","0","true","elapsed_ms=309"
"R0061","2026-04-26T09:58:34.4475545Z","LEO","8","AMD Ryzen 7 4800H with Radeon Graphics         ","local-llm-runtime","moe-14b-3bactive","moe","14","3","Q4_K_M","1024","128","1","none","none","0","false","10","184","39","3.75","0","0","0","65","92","0","true","elapsed_ms=298"
"R0062","2026-04-26T09:58:34.7576431Z","LEO","8","AMD Ryzen 7 4800H with Radeon Graphics         ","local-llm-runtime","moe-14b-3bactive","moe","14","3","Q4_K_M","1024","128","1","zram_lz4_25","lz4","25","false","10","184","39","3.75","0","0","0","65","92","0","true","elapsed_ms=293"
"R0063","2026-04-26T09:58:35.0666836Z","LEO","8","AMD Ryzen 7 4800H with Radeon Graphics         ","local-llm-runtime","moe-14b-3bactive","moe","14","3","Q4_K_M","1024","128","1","zram_lz4_50","lz4","50","false","10","184","39","3.75","0","0","0","65","92","0","true","elapsed_ms=308"
"R0064","2026-04-26T09:58:35.3870843Z","LEO","8","AMD Ryzen 7 4800H with Radeon Graphics         ","local-llm-runtime","moe-14b-3bactive","moe","14","3","Q4_K_M","1024","128","1","zram_zstd_50","zstd","50","false","10","184","39","3.75","0","0","0","65","92","0","true","elapsed_ms=307"
"R0065","2026-04-26T09:58:35.7074896Z","LEO","8","AMD Ryzen 7 4800H with Radeon Graphics         ","local-llm-runtime","moe-14b-3bactive","moe","14","3","Q4_K_M","1024","128","1","zswap_lz4_default","lz4","0","true","10","184","39","3.75","0","0","0","65","92","0","true","elapsed_ms=293"
"R0066","2026-04-26T09:58:36.0140055Z","LEO","8","AMD Ryzen 7 4800H with Radeon Graphics         ","local-llm-runtime","moe-14b-3bactive","moe","14","3","Q4_K_M","4096","256","1","none","none","0","false","8.5","376","43","4.5","0","0","0","65","92","0","true","elapsed_ms=294"
"R0067","2026-04-26T09:58:36.3221552Z","LEO","8","AMD Ryzen 7 4800H with Radeon Graphics         ","local-llm-runtime","moe-14b-3bactive","moe","14","3","Q4_K_M","4096","256","1","zram_lz4_25","lz4","25","false","8.5","376","43","4.5","0","0","0","65","92","0","true","elapsed_ms=303"
"R0068","2026-04-26T09:58:36.6388883Z","LEO","8","AMD Ryzen 7 4800H with Radeon Graphics         ","local-llm-runtime","moe-14b-3bactive","moe","14","3","Q4_K_M","4096","256","1","zram_lz4_50","lz4","50","false","8.5","376","43","4.5","0","0","0","65","92","0","true","elapsed_ms=324"
"R0069","2026-04-26T09:58:36.9763294Z","LEO","8","AMD Ryzen 7 4800H with Radeon Graphics         ","local-llm-runtime","moe-14b-3bactive","moe","14","3","Q4_K_M","4096","256","1","zram_zstd_50","zstd","50","false","8.5","376","43","4.5","0","0","0","65","92","0","true","elapsed_ms=297"
"R0070","2026-04-26T09:58:37.2861000Z","LEO","8","AMD Ryzen 7 4800H with Radeon Graphics         ","local-llm-runtime","moe-14b-3bactive","moe","14","3","Q4_K_M","4096","256","1","zswap_lz4_default","lz4","0","true","8.5","376","43","4.5","0","0","0","65","92","0","true","elapsed_ms=290"
"R0071","2026-04-26T09:58:37.5881074Z","LEO","8","AMD Ryzen 7 4800H with Radeon Graphics         ","local-llm-runtime","moe-14b-3bactive","moe","14","3","Q4_K_M","8192","512","1","none","none","0","false","8.25","632","51","5.5","0","0","0","65","92","0","true","elapsed_ms=293"
"R0072","2026-04-26T09:58:37.8921827Z","LEO","8","AMD Ryzen 7 4800H with Radeon Graphics         ","local-llm-runtime","moe-14b-3bactive","moe","14","3","Q4_K_M","8192","512","1","zram_lz4_25","lz4","25","false","8.25","632","51","5.5","0","0","0","65","92","0","true","elapsed_ms=307"
"R0073","2026-04-26T09:58:38.2119582Z","LEO","8","AMD Ryzen 7 4800H with Radeon Graphics         ","local-llm-runtime","moe-14b-3bactive","moe","14","3","Q4_K_M","8192","512","1","zram_lz4_50","lz4","50","false","8.25","632","51","5.5","0","0","0","65","92","0","true","elapsed_ms=308"
"R0074","2026-04-26T09:58:38.5349282Z","LEO","8","AMD Ryzen 7 4800H with Radeon Graphics         ","local-llm-runtime","moe-14b-3bactive","moe","14","3","Q4_K_M","8192","512","1","zram_zstd_50","zstd","50","false","8.25","632","51","5.5","0","0","0","65","92","0","true","elapsed_ms=294"
"R0075","2026-04-26T09:58:38.8442972Z","LEO","8","AMD Ryzen 7 4800H with Radeon Graphics         ","local-llm-runtime","moe-14b-3bactive","moe","14","3","Q4_K_M","8192","512","1","zswap_lz4_default","lz4","0","true","8.25","632","51","5.5","0","0","0","65","92","0","true","elapsed_ms=382"
"R0076","2026-04-26T09:58:39.2393084Z","LEO","8","AMD Ryzen 7 4800H with Radeon Graphics         ","local-llm-runtime","moe-16b-4bactive","moe","16","4","Q4_K_M","1024","128","1","none","none","0","false","10","184","39","3.75","0","0","0","65","92","0","true","elapsed_ms=302"
"R0077","2026-04-26T09:58:39.5558761Z","LEO","8","AMD Ryzen 7 4800H with Radeon Graphics         ","local-llm-runtime","moe-16b-4bactive","moe","16","4","Q4_K_M","1024","128","1","zram_lz4_25","lz4","25","false","10","184","39","3.75","0","0","0","65","92","0","true","elapsed_ms=373"
"R0078","2026-04-26T09:58:39.9424910Z","LEO","8","AMD Ryzen 7 4800H with Radeon Graphics         ","local-llm-runtime","moe-16b-4bactive","moe","16","4","Q4_K_M","1024","128","1","zram_lz4_50","lz4","50","false","10","184","39","3.75","0","0","0","65","92","0","true","elapsed_ms=330"
"R0079","2026-04-26T09:58:40.2866433Z","LEO","8","AMD Ryzen 7 4800H with Radeon Graphics         ","local-llm-runtime","moe-16b-4bactive","moe","16","4","Q4_K_M","1024","128","1","zram_zstd_50","zstd","50","false","10","184","39","3.75","0","0","0","65","92","0","true","elapsed_ms=336"
"R0080","2026-04-26T09:58:40.6353910Z","LEO","8","AMD Ryzen 7 4800H with Radeon Graphics         ","local-llm-runtime","moe-16b-4bactive","moe","16","4","Q4_K_M","1024","128","1","zswap_lz4_default","lz4","0","true","10","184","39","3.75","0","0","0","65","92","0","true","elapsed_ms=329"
"R0081","2026-04-26T09:58:40.9778677Z","LEO","8","AMD Ryzen 7 4800H with Radeon Graphics         ","local-llm-runtime","moe-16b-4bactive","moe","16","4","Q4_K_M","4096","256","1","none","none","0","false","8.5","376","43","4.5","0","0","0","65","92","0","true","elapsed_ms=344"
"R0082","2026-04-26T09:58:41.3380330Z","LEO","8","AMD Ryzen 7 4800H with Radeon Graphics         ","local-llm-runtime","moe-16b-4bactive","moe","16","4","Q4_K_M","4096","256","1","zram_lz4_25","lz4","25","false","8.5","376","43","4.5","0","0","0","65","92","0","true","elapsed_ms=353"
"R0083","2026-04-26T09:58:41.7083329Z","LEO","8","AMD Ryzen 7 4800H with Radeon Graphics         ","local-llm-runtime","moe-16b-4bactive","moe","16","4","Q4_K_M","4096","256","1","zram_lz4_50","lz4","50","false","8.5","376","43","4.5","0","0","0","65","92","0","true","elapsed_ms=487"
"R0084","2026-04-26T09:58:42.2112873Z","LEO","8","AMD Ryzen 7 4800H with Radeon Graphics         ","local-llm-runtime","moe-16b-4bactive","moe","16","4","Q4_K_M","4096","256","1","zram_zstd_50","zstd","50","false","8.5","376","43","4.5","0","0","0","65","92","0","true","elapsed_ms=310"
"R0085","2026-04-26T09:58:42.5340842Z","LEO","8","AMD Ryzen 7 4800H with Radeon Graphics         ","local-llm-runtime","moe-16b-4bactive","moe","16","4","Q4_K_M","4096","256","1","zswap_lz4_default","lz4","0","true","8.5","376","43","4.5","0","0","0","65","92","0","true","elapsed_ms=297"
"R0086","2026-04-26T09:58:42.8442198Z","LEO","8","AMD Ryzen 7 4800H with Radeon Graphics         ","local-llm-runtime","moe-16b-4bactive","moe","16","4","Q4_K_M","8192","512","1","none","none","0","false","8.25","632","51","5.5","0","0","0","65","92","0","true","elapsed_ms=302"
"R0087","2026-04-26T09:58:43.1607724Z","LEO","8","AMD Ryzen 7 4800H with Radeon Graphics         ","local-llm-runtime","moe-16b-4bactive","moe","16","4","Q4_K_M","8192","512","1","zram_lz4_25","lz4","25","false","8.25","632","51","5.5","0","0","0","65","92","0","true","elapsed_ms=297"
"R0088","2026-04-26T09:58:43.4726273Z","LEO","8","AMD Ryzen 7 4800H with Radeon Graphics         ","local-llm-runtime","moe-16b-4bactive","moe","16","4","Q4_K_M","8192","512","1","zram_lz4_50","lz4","50","false","8.25","632","51","5.5","0","0","0","65","92","0","true","elapsed_ms=310"
"R0089","2026-04-26T09:58:43.7940564Z","LEO","8","AMD Ryzen 7 4800H with Radeon Graphics         ","local-llm-runtime","moe-16b-4bactive","moe","16","4","Q4_K_M","8192","512","1","zram_zstd_50","zstd","50","false","8.25","632","51","5.5","0","0","0","65","92","0","true","elapsed_ms=288"
"R0090","2026-04-26T09:58:44.0949740Z","LEO","8","AMD Ryzen 7 4800H with Radeon Graphics         ","local-llm-runtime","moe-16b-4bactive","moe","16","4","Q4_K_M","8192","512","1","zswap_lz4_default","lz4","0","true","8.25","632","51","5.5","0","0","0","65","92","0","true","elapsed_ms=307"
"R0091","2026-04-26T09:58:44.4155528Z","LEO","12","AMD Ryzen 7 4800H with Radeon Graphics         ","local-llm-runtime","dense-3b-instruct","dense","3","3","Q4_K_M","1024","128","1","none","none","0","false","10","184","39","3.75","0","0","0","65","92","0","true","elapsed_ms=301"
"R0092","2026-04-26T09:58:44.7294970Z","LEO","12","AMD Ryzen 7 4800H with Radeon Graphics         ","local-llm-runtime","dense-3b-instruct","dense","3","3","Q4_K_M","1024","128","1","zram_lz4_25","lz4","25","false","10","184","39","3.75","0","0","0","65","92","0","true","elapsed_ms=293"
"R0093","2026-04-26T09:58:45.0359114Z","LEO","12","AMD Ryzen 7 4800H with Radeon Graphics         ","local-llm-runtime","dense-3b-instruct","dense","3","3","Q4_K_M","1024","128","1","zram_lz4_50","lz4","50","false","10","184","39","3.75","0","0","0","65","92","0","true","elapsed_ms=295"
"R0094","2026-04-26T09:58:45.3425680Z","LEO","12","AMD Ryzen 7 4800H with Radeon Graphics         ","local-llm-runtime","dense-3b-instruct","dense","3","3","Q4_K_M","1024","128","1","zram_zstd_50","zstd","50","false","10","184","39","3.75","0","0","0","65","92","0","true","elapsed_ms=297"
"R0095","2026-04-26T09:58:45.6547153Z","LEO","12","AMD Ryzen 7 4800H with Radeon Graphics         ","local-llm-runtime","dense-3b-instruct","dense","3","3","Q4_K_M","1024","128","1","zswap_lz4_default","lz4","0","true","10","184","39","3.75","0","0","0","65","92","0","true","elapsed_ms=301"
"R0096","2026-04-26T09:58:45.9699052Z","LEO","12","AMD Ryzen 7 4800H with Radeon Graphics         ","local-llm-runtime","dense-3b-instruct","dense","3","3","Q4_K_M","4096","256","1","none","none","0","false","8.5","376","43","4.5","0","0","0","65","92","0","true","elapsed_ms=299"
"R0097","2026-04-26T09:58:46.2860312Z","LEO","12","AMD Ryzen 7 4800H with Radeon Graphics         ","local-llm-runtime","dense-3b-instruct","dense","3","3","Q4_K_M","4096","256","1","zram_lz4_25","lz4","25","false","8.5","376","43","4.5","0","0","0","65","92","0","true","elapsed_ms=318"
"R0098","2026-04-26T09:58:46.6162797Z","LEO","12","AMD Ryzen 7 4800H with Radeon Graphics         ","local-llm-runtime","dense-3b-instruct","dense","3","3","Q4_K_M","4096","256","1","zram_lz4_50","lz4","50","false","8.5","376","43","4.5","0","0","0","65","92","0","true","elapsed_ms=299"
"R0099","2026-04-26T09:58:46.9305924Z","LEO","12","AMD Ryzen 7 4800H with Radeon Graphics         ","local-llm-runtime","dense-3b-instruct","dense","3","3","Q4_K_M","4096","256","1","zram_zstd_50","zstd","50","false","8.5","376","43","4.5","0","0","0","65","92","0","true","elapsed_ms=298"
"R0100","2026-04-26T09:58:47.2415700Z","LEO","12","AMD Ryzen 7 4800H with Radeon Graphics         ","local-llm-runtime","dense-3b-instruct","dense","3","3","Q4_K_M","4096","256","1","zswap_lz4_default","lz4","0","true","8.5","376","43","4.5","0","0","0","65","92","0","true","elapsed_ms=303"
"R0101","2026-04-26T09:58:47.5576498Z","LEO","12","AMD Ryzen 7 4800H with Radeon Graphics         ","local-llm-runtime","dense-3b-instruct","dense","3","3","Q4_K_M","8192","512","1","none","none","0","false","8.25","632","51","5.5","0","0","0","65","92","0","true","elapsed_ms=296"
"R0102","2026-04-26T09:58:47.8673973Z","LEO","12","AMD Ryzen 7 4800H with Radeon Graphics         ","local-llm-runtime","dense-3b-instruct","dense","3","3","Q4_K_M","8192","512","1","zram_lz4_25","lz4","25","false","8.25","632","51","5.5","0","0","0","65","92","0","true","elapsed_ms=309"
"R0103","2026-04-26T09:58:48.1936722Z","LEO","12","AMD Ryzen 7 4800H with Radeon Graphics         ","local-llm-runtime","dense-3b-instruct","dense","3","3","Q4_K_M","8192","512","1","zram_lz4_50","lz4","50","false","8.25","632","51","5.5","0","0","0","65","92","0","true","elapsed_ms=389"
"R0104","2026-04-26T09:58:48.5981531Z","LEO","12","AMD Ryzen 7 4800H with Radeon Graphics         ","local-llm-runtime","dense-3b-instruct","dense","3","3","Q4_K_M","8192","512","1","zram_zstd_50","zstd","50","false","8.25","632","51","5.5","0","0","0","65","92","0","true","elapsed_ms=347"
"R0105","2026-04-26T09:58:48.9598834Z","LEO","12","AMD Ryzen 7 4800H with Radeon Graphics         ","local-llm-runtime","dense-3b-instruct","dense","3","3","Q4_K_M","8192","512","1","zswap_lz4_default","lz4","0","true","8.25","632","51","5.5","0","0","0","65","92","0","true","elapsed_ms=301"
"R0106","2026-04-26T09:58:49.2730251Z","LEO","12","AMD Ryzen 7 4800H with Radeon Graphics         ","local-llm-runtime","dense-7b-instruct","dense","7","7","Q4_K_M","1024","128","1","none","none","0","false","10","184","39","3.75","0","0","0","65","92","0","true","elapsed_ms=300"
"R0107","2026-04-26T09:58:49.5872610Z","LEO","12","AMD Ryzen 7 4800H with Radeon Graphics         ","local-llm-runtime","dense-7b-instruct","dense","7","7","Q4_K_M","1024","128","1","zram_lz4_25","lz4","25","false","10","184","39","3.75","0","0","0","65","92","0","true","elapsed_ms=299"
"R0108","2026-04-26T09:58:49.8971892Z","LEO","12","AMD Ryzen 7 4800H with Radeon Graphics         ","local-llm-runtime","dense-7b-instruct","dense","7","7","Q4_K_M","1024","128","1","zram_lz4_50","lz4","50","false","10","184","39","3.75","0","0","0","65","92","0","true","elapsed_ms=317"
"R0109","2026-04-26T09:58:50.2279249Z","LEO","12","AMD Ryzen 7 4800H with Radeon Graphics         ","local-llm-runtime","dense-7b-instruct","dense","7","7","Q4_K_M","1024","128","1","zram_zstd_50","zstd","50","false","10","184","39","3.75","0","0","0","65","92","0","true","elapsed_ms=287"
"R0110","2026-04-26T09:58:50.5282497Z","LEO","12","AMD Ryzen 7 4800H with Radeon Graphics         ","local-llm-runtime","dense-7b-instruct","dense","7","7","Q4_K_M","1024","128","1","zswap_lz4_default","lz4","0","true","10","184","39","3.75","0","0","0","65","92","0","true","elapsed_ms=297"
"R0111","2026-04-26T09:58:50.8382473Z","LEO","12","AMD Ryzen 7 4800H with Radeon Graphics         ","local-llm-runtime","dense-7b-instruct","dense","7","7","Q4_K_M","4096","256","1","none","none","0","false","8.5","376","43","4.5","0","0","0","65","92","0","true","elapsed_ms=340"
"R0112","2026-04-26T09:58:51.1945344Z","LEO","12","AMD Ryzen 7 4800H with Radeon Graphics         ","local-llm-runtime","dense-7b-instruct","dense","7","7","Q4_K_M","4096","256","1","zram_lz4_25","lz4","25","false","8.5","376","43","4.5","0","0","0","65","92","0","true","elapsed_ms=350"
"R0113","2026-04-26T09:58:51.5573862Z","LEO","12","AMD Ryzen 7 4800H with Radeon Graphics         ","local-llm-runtime","dense-7b-instruct","dense","7","7","Q4_K_M","4096","256","1","zram_lz4_50","lz4","50","false","8.5","376","43","4.5","0","0","0","65","92","0","true","elapsed_ms=288"
"R0114","2026-04-26T09:58:51.8595464Z","LEO","12","AMD Ryzen 7 4800H with Radeon Graphics         ","local-llm-runtime","dense-7b-instruct","dense","7","7","Q4_K_M","4096","256","1","zram_zstd_50","zstd","50","false","8.5","376","43","4.5","0","0","0","65","92","0","true","elapsed_ms=294"
"R0115","2026-04-26T09:58:52.1670317Z","LEO","12","AMD Ryzen 7 4800H with Radeon Graphics         ","local-llm-runtime","dense-7b-instruct","dense","7","7","Q4_K_M","4096","256","1","zswap_lz4_default","lz4","0","true","8.5","376","43","4.5","0","0","0","65","92","0","true","elapsed_ms=295"
"R0116","2026-04-26T09:58:52.4762973Z","LEO","12","AMD Ryzen 7 4800H with Radeon Graphics         ","local-llm-runtime","dense-7b-instruct","dense","7","7","Q4_K_M","8192","512","1","none","none","0","false","8.25","632","51","5.5","0","0","0","65","92","0","true","elapsed_ms=290"
"R0117","2026-04-26T09:58:52.7792835Z","LEO","12","AMD Ryzen 7 4800H with Radeon Graphics         ","local-llm-runtime","dense-7b-instruct","dense","7","7","Q4_K_M","8192","512","1","zram_lz4_25","lz4","25","false","8.25","632","51","5.5","0","0","0","65","92","0","true","elapsed_ms=293"
"R0118","2026-04-26T09:58:53.0850768Z","LEO","12","AMD Ryzen 7 4800H with Radeon Graphics         ","local-llm-runtime","dense-7b-instruct","dense","7","7","Q4_K_M","8192","512","1","zram_lz4_50","lz4","50","false","8.25","632","51","5.5","0","0","0","65","92","0","true","elapsed_ms=300"
"R0119","2026-04-26T09:58:53.3992078Z","LEO","12","AMD Ryzen 7 4800H with Radeon Graphics         ","local-llm-runtime","dense-7b-instruct","dense","7","7","Q4_K_M","8192","512","1","zram_zstd_50","zstd","50","false","8.25","632","51","5.5","0","0","0","65","92","0","true","elapsed_ms=364"
"R0120","2026-04-26T09:58:53.7790942Z","LEO","12","AMD Ryzen 7 4800H with Radeon Graphics         ","local-llm-runtime","dense-7b-instruct","dense","7","7","Q4_K_M","8192","512","1","zswap_lz4_default","lz4","0","true","8.25","632","51","5.5","0","0","0","65","92","0","true","elapsed_ms=342"
"R0121","2026-04-26T09:58:54.1341203Z","LEO","12","AMD Ryzen 7 4800H with Radeon Graphics         ","local-llm-runtime","dense-8b-instruct","dense","8","8","Q4_K_M","1024","128","1","none","none","0","false","10","184","39","3.75","0","0","0","65","92","0","true","elapsed_ms=290"
"R0122","2026-04-26T09:58:54.4375403Z","LEO","12","AMD Ryzen 7 4800H with Radeon Graphics         ","local-llm-runtime","dense-8b-instruct","dense","8","8","Q4_K_M","1024","128","1","zram_lz4_25","lz4","25","false","10","184","39","3.75","0","0","0","65","92","0","true","elapsed_ms=305"
"R0123","2026-04-26T09:58:54.7570364Z","LEO","12","AMD Ryzen 7 4800H with Radeon Graphics         ","local-llm-runtime","dense-8b-instruct","dense","8","8","Q4_K_M","1024","128","1","zram_lz4_50","lz4","50","false","10","184","39","3.75","0","0","0","65","92","0","true","elapsed_ms=291"
"R0124","2026-04-26T09:58:55.0629718Z","LEO","12","AMD Ryzen 7 4800H with Radeon Graphics         ","local-llm-runtime","dense-8b-instruct","dense","8","8","Q4_K_M","1024","128","1","zram_zstd_50","zstd","50","false","10","184","39","3.75","0","0","0","65","92","0","true","elapsed_ms=310"
"R0125","2026-04-26T09:58:55.3885236Z","LEO","12","AMD Ryzen 7 4800H with Radeon Graphics         ","local-llm-runtime","dense-8b-instruct","dense","8","8","Q4_K_M","1024","128","1","zswap_lz4_default","lz4","0","true","10","184","39","3.75","0","0","0","65","92","0","true","elapsed_ms=376"
"R0126","2026-04-26T09:58:55.7777953Z","LEO","12","AMD Ryzen 7 4800H with Radeon Graphics         ","local-llm-runtime","dense-8b-instruct","dense","8","8","Q4_K_M","4096","256","1","none","none","0","false","8.5","376","43","4.5","0","0","0","65","92","0","true","elapsed_ms=312"
"R0127","2026-04-26T09:58:56.1033382Z","LEO","12","AMD Ryzen 7 4800H with Radeon Graphics         ","local-llm-runtime","dense-8b-instruct","dense","8","8","Q4_K_M","4096","256","1","zram_lz4_25","lz4","25","false","8.5","376","43","4.5","0","0","0","65","92","0","true","elapsed_ms=327"
"R0128","2026-04-26T09:58:56.4443377Z","LEO","12","AMD Ryzen 7 4800H with Radeon Graphics         ","local-llm-runtime","dense-8b-instruct","dense","8","8","Q4_K_M","4096","256","1","zram_lz4_50","lz4","50","false","8.5","376","43","4.5","0","0","0","65","92","0","true","elapsed_ms=338"
"R0129","2026-04-26T09:58:56.7992266Z","LEO","12","AMD Ryzen 7 4800H with Radeon Graphics         ","local-llm-runtime","dense-8b-instruct","dense","8","8","Q4_K_M","4096","256","1","zram_zstd_50","zstd","50","false","8.5","376","43","4.5","0","0","0","65","92","0","true","elapsed_ms=328"
"R0130","2026-04-26T09:58:57.1405415Z","LEO","12","AMD Ryzen 7 4800H with Radeon Graphics         ","local-llm-runtime","dense-8b-instruct","dense","8","8","Q4_K_M","4096","256","1","zswap_lz4_default","lz4","0","true","8.5","376","43","4.5","0","0","0","65","92","0","true","elapsed_ms=321"
"R0131","2026-04-26T09:58:57.4761625Z","LEO","12","AMD Ryzen 7 4800H with Radeon Graphics         ","local-llm-runtime","dense-8b-instruct","dense","8","8","Q4_K_M","8192","512","1","none","none","0","false","8.25","632","51","5.5","0","0","0","65","92","0","true","elapsed_ms=359"
"R0132","2026-04-26T09:58:57.8494826Z","LEO","12","AMD Ryzen 7 4800H with Radeon Graphics         ","local-llm-runtime","dense-8b-instruct","dense","8","8","Q4_K_M","8192","512","1","zram_lz4_25","lz4","25","false","8.25","632","51","5.5","0","0","0","65","92","0","true","elapsed_ms=327"
"R0133","2026-04-26T09:58:58.1948669Z","LEO","12","AMD Ryzen 7 4800H with Radeon Graphics         ","local-llm-runtime","dense-8b-instruct","dense","8","8","Q4_K_M","8192","512","1","zram_lz4_50","lz4","50","false","8.25","632","51","5.5","0","0","0","65","92","0","true","elapsed_ms=405"
"R0134","2026-04-26T09:58:58.6250261Z","LEO","12","AMD Ryzen 7 4800H with Radeon Graphics         ","local-llm-runtime","dense-8b-instruct","dense","8","8","Q4_K_M","8192","512","1","zram_zstd_50","zstd","50","false","8.25","632","51","5.5","0","0","0","65","92","0","true","elapsed_ms=389"
"R0135","2026-04-26T09:58:59.0368720Z","LEO","12","AMD Ryzen 7 4800H with Radeon Graphics         ","local-llm-runtime","dense-8b-instruct","dense","8","8","Q4_K_M","8192","512","1","zswap_lz4_default","lz4","0","true","8.25","632","51","5.5","0","0","0","65","92","0","true","elapsed_ms=359"
"R0136","2026-04-26T09:58:59.4122246Z","LEO","12","AMD Ryzen 7 4800H with Radeon Graphics         ","local-llm-runtime","dense-13b-instruct","dense","13","13","Q4_K_M","1024","128","1","none","none","0","false","10","184","39","3.75","0","0","0","65","92","0","true","elapsed_ms=371"
"R0137","2026-04-26T09:58:59.8002875Z","LEO","12","AMD Ryzen 7 4800H with Radeon Graphics         ","local-llm-runtime","dense-13b-instruct","dense","13","13","Q4_K_M","1024","128","1","zram_lz4_25","lz4","25","false","10","184","39","3.75","0","0","0","65","92","0","true","elapsed_ms=358"
"R0138","2026-04-26T09:59:00.1738493Z","LEO","12","AMD Ryzen 7 4800H with Radeon Graphics         ","local-llm-runtime","dense-13b-instruct","dense","13","13","Q4_K_M","1024","128","1","zram_lz4_50","lz4","50","false","10","184","39","3.75","0","0","0","65","92","0","true","elapsed_ms=304"
"R0139","2026-04-26T09:59:00.4897051Z","LEO","12","AMD Ryzen 7 4800H with Radeon Graphics         ","local-llm-runtime","dense-13b-instruct","dense","13","13","Q4_K_M","1024","128","1","zram_zstd_50","zstd","50","false","10","184","39","3.75","0","0","0","65","92","0","true","elapsed_ms=299"
"R0140","2026-04-26T09:59:00.8032466Z","LEO","12","AMD Ryzen 7 4800H with Radeon Graphics         ","local-llm-runtime","dense-13b-instruct","dense","13","13","Q4_K_M","1024","128","1","zswap_lz4_default","lz4","0","true","10","184","39","3.75","0","0","0","65","92","0","true","elapsed_ms=299"
"R0141","2026-04-26T09:59:01.1182119Z","LEO","12","AMD Ryzen 7 4800H with Radeon Graphics         ","local-llm-runtime","dense-13b-instruct","dense","13","13","Q4_K_M","4096","256","1","none","none","0","false","8.5","376","43","4.5","0","0","0","65","92","0","true","elapsed_ms=311"
"R0142","2026-04-26T09:59:01.4414319Z","LEO","12","AMD Ryzen 7 4800H with Radeon Graphics         ","local-llm-runtime","dense-13b-instruct","dense","13","13","Q4_K_M","4096","256","1","zram_lz4_25","lz4","25","false","8.5","376","43","4.5","0","0","0","65","92","0","true","elapsed_ms=297"
"R0143","2026-04-26T09:59:01.7520649Z","LEO","12","AMD Ryzen 7 4800H with Radeon Graphics         ","local-llm-runtime","dense-13b-instruct","dense","13","13","Q4_K_M","4096","256","1","zram_lz4_50","lz4","50","false","8.5","376","43","4.5","0","0","0","65","92","0","true","elapsed_ms=284"
"R0144","2026-04-26T09:59:02.0483613Z","LEO","12","AMD Ryzen 7 4800H with Radeon Graphics         ","local-llm-runtime","dense-13b-instruct","dense","13","13","Q4_K_M","4096","256","1","zram_zstd_50","zstd","50","false","8.5","376","43","4.5","0","0","0","65","92","0","true","elapsed_ms=307"
"R0145","2026-04-26T09:59:02.3680833Z","LEO","12","AMD Ryzen 7 4800H with Radeon Graphics         ","local-llm-runtime","dense-13b-instruct","dense","13","13","Q4_K_M","4096","256","1","zswap_lz4_default","lz4","0","true","8.5","376","43","4.5","0","0","0","65","92","0","true","elapsed_ms=316"
"R0146","2026-04-26T09:59:02.7009709Z","LEO","12","AMD Ryzen 7 4800H with Radeon Graphics         ","local-llm-runtime","dense-13b-instruct","dense","13","13","Q4_K_M","8192","512","1","none","none","0","false","8.25","632","51","5.5","0","0","0","65","92","0","true","elapsed_ms=296"
"R0147","2026-04-26T09:59:03.0121764Z","LEO","12","AMD Ryzen 7 4800H with Radeon Graphics         ","local-llm-runtime","dense-13b-instruct","dense","13","13","Q4_K_M","8192","512","1","zram_lz4_25","lz4","25","false","8.25","632","51","5.5","0","0","0","65","92","0","true","elapsed_ms=298"
"R0148","2026-04-26T09:59:03.3235719Z","LEO","12","AMD Ryzen 7 4800H with Radeon Graphics         ","local-llm-runtime","dense-13b-instruct","dense","13","13","Q4_K_M","8192","512","1","zram_lz4_50","lz4","50","false","8.25","632","51","5.5","0","0","0","65","92","0","true","elapsed_ms=295"
"R0149","2026-04-26T09:59:03.6329643Z","LEO","12","AMD Ryzen 7 4800H with Radeon Graphics         ","local-llm-runtime","dense-13b-instruct","dense","13","13","Q4_K_M","8192","512","1","zram_zstd_50","zstd","50","false","8.25","632","51","5.5","0","0","0","65","92","0","true","elapsed_ms=302"
"R0150","2026-04-26T09:59:03.9470514Z","LEO","12","AMD Ryzen 7 4800H with Radeon Graphics         ","local-llm-runtime","dense-13b-instruct","dense","13","13","Q4_K_M","8192","512","1","zswap_lz4_default","lz4","0","true","8.25","632","51","5.5","0","0","0","65","92","0","true","elapsed_ms=292"
"R0151","2026-04-26T09:59:04.2505216Z","LEO","12","AMD Ryzen 7 4800H with Radeon Graphics         ","local-llm-runtime","moe-14b-3bactive","moe","14","3","Q4_K_M","1024","128","1","none","none","0","false","10","184","39","3.75","0","0","0","65","92","0","true","elapsed_ms=294"
"R0152","2026-04-26T09:59:04.5560570Z","LEO","12","AMD Ryzen 7 4800H with Radeon Graphics         ","local-llm-runtime","moe-14b-3bactive","moe","14","3","Q4_K_M","1024","128","1","zram_lz4_25","lz4","25","false","10","184","39","3.75","0","0","0","65","92","0","true","elapsed_ms=313"
"R0153","2026-04-26T09:59:04.8831692Z","LEO","12","AMD Ryzen 7 4800H with Radeon Graphics         ","local-llm-runtime","moe-14b-3bactive","moe","14","3","Q4_K_M","1024","128","1","zram_lz4_50","lz4","50","false","10","184","39","3.75","0","0","0","65","92","0","true","elapsed_ms=354"
"R0154","2026-04-26T09:59:05.2504323Z","LEO","12","AMD Ryzen 7 4800H with Radeon Graphics         ","local-llm-runtime","moe-14b-3bactive","moe","14","3","Q4_K_M","1024","128","1","zram_zstd_50","zstd","50","false","10","184","39","3.75","0","0","0","65","92","0","true","elapsed_ms=329"
"R0155","2026-04-26T09:59:05.5968705Z","LEO","12","AMD Ryzen 7 4800H with Radeon Graphics         ","local-llm-runtime","moe-14b-3bactive","moe","14","3","Q4_K_M","1024","128","1","zswap_lz4_default","lz4","0","true","10","184","39","3.75","0","0","0","65","92","0","true","elapsed_ms=344"
"R0156","2026-04-26T09:59:05.9558092Z","LEO","12","AMD Ryzen 7 4800H with Radeon Graphics         ","local-llm-runtime","moe-14b-3bactive","moe","14","3","Q4_K_M","4096","256","1","none","none","0","false","8.5","376","43","4.5","0","0","0","65","92","0","true","elapsed_ms=344"
"R0157","2026-04-26T09:59:06.3141100Z","LEO","12","AMD Ryzen 7 4800H with Radeon Graphics         ","local-llm-runtime","moe-14b-3bactive","moe","14","3","Q4_K_M","4096","256","1","zram_lz4_25","lz4","25","false","8.5","376","43","4.5","0","0","0","65","92","0","true","elapsed_ms=293"
"R0158","2026-04-26T09:59:06.6206693Z","LEO","12","AMD Ryzen 7 4800H with Radeon Graphics         ","local-llm-runtime","moe-14b-3bactive","moe","14","3","Q4_K_M","4096","256","1","zram_lz4_50","lz4","50","false","8.5","376","43","4.5","0","0","0","65","92","0","true","elapsed_ms=291"
"R0159","2026-04-26T09:59:06.9249436Z","LEO","12","AMD Ryzen 7 4800H with Radeon Graphics         ","local-llm-runtime","moe-14b-3bactive","moe","14","3","Q4_K_M","4096","256","1","zram_zstd_50","zstd","50","false","8.5","376","43","4.5","0","0","0","65","92","0","true","elapsed_ms=285"
"R0160","2026-04-26T09:59:07.2244409Z","LEO","12","AMD Ryzen 7 4800H with Radeon Graphics         ","local-llm-runtime","moe-14b-3bactive","moe","14","3","Q4_K_M","4096","256","1","zswap_lz4_default","lz4","0","true","8.5","376","43","4.5","0","0","0","65","92","0","true","elapsed_ms=301"
"R0161","2026-04-26T09:59:07.5371095Z","LEO","12","AMD Ryzen 7 4800H with Radeon Graphics         ","local-llm-runtime","moe-14b-3bactive","moe","14","3","Q4_K_M","8192","512","1","none","none","0","false","8.25","632","51","5.5","0","0","0","65","92","0","true","elapsed_ms=302"
"R0162","2026-04-26T09:59:07.8517887Z","LEO","12","AMD Ryzen 7 4800H with Radeon Graphics         ","local-llm-runtime","moe-14b-3bactive","moe","14","3","Q4_K_M","8192","512","1","zram_lz4_25","lz4","25","false","8.25","632","51","5.5","0","0","0","65","92","0","true","elapsed_ms=290"
"R0163","2026-04-26T09:59:08.1561073Z","LEO","12","AMD Ryzen 7 4800H with Radeon Graphics         ","local-llm-runtime","moe-14b-3bactive","moe","14","3","Q4_K_M","8192","512","1","zram_lz4_50","lz4","50","false","8.25","632","51","5.5","0","0","0","65","92","0","true","elapsed_ms=298"
"R0164","2026-04-26T09:59:08.4649330Z","LEO","12","AMD Ryzen 7 4800H with Radeon Graphics         ","local-llm-runtime","moe-14b-3bactive","moe","14","3","Q4_K_M","8192","512","1","zram_zstd_50","zstd","50","false","8.25","632","51","5.5","0","0","0","65","92","0","true","elapsed_ms=300"
"R0165","2026-04-26T09:59:08.7777252Z","LEO","12","AMD Ryzen 7 4800H with Radeon Graphics         ","local-llm-runtime","moe-14b-3bactive","moe","14","3","Q4_K_M","8192","512","1","zswap_lz4_default","lz4","0","true","8.25","632","51","5.5","0","0","0","65","92","0","true","elapsed_ms=298"
"R0166","2026-04-26T09:59:09.0891377Z","LEO","12","AMD Ryzen 7 4800H with Radeon Graphics         ","local-llm-runtime","moe-16b-4bactive","moe","16","4","Q4_K_M","1024","128","1","none","none","0","false","10","184","39","3.75","0","0","0","65","92","0","true","elapsed_ms=298"
"R0167","2026-04-26T09:59:09.4004237Z","LEO","12","AMD Ryzen 7 4800H with Radeon Graphics         ","local-llm-runtime","moe-16b-4bactive","moe","16","4","Q4_K_M","1024","128","1","zram_lz4_25","lz4","25","false","10","184","39","3.75","0","0","0","65","92","0","true","elapsed_ms=292"
"R0168","2026-04-26T09:59:09.7055776Z","LEO","12","AMD Ryzen 7 4800H with Radeon Graphics         ","local-llm-runtime","moe-16b-4bactive","moe","16","4","Q4_K_M","1024","128","1","zram_lz4_50","lz4","50","false","10","184","39","3.75","0","0","0","65","92","0","true","elapsed_ms=318"
"R0169","2026-04-26T09:59:10.0380615Z","LEO","12","AMD Ryzen 7 4800H with Radeon Graphics         ","local-llm-runtime","moe-16b-4bactive","moe","16","4","Q4_K_M","1024","128","1","zram_zstd_50","zstd","50","false","10","184","39","3.75","0","0","0","65","92","0","true","elapsed_ms=332"
"R0170","2026-04-26T09:59:10.3846918Z","LEO","12","AMD Ryzen 7 4800H with Radeon Graphics         ","local-llm-runtime","moe-16b-4bactive","moe","16","4","Q4_K_M","1024","128","1","zswap_lz4_default","lz4","0","true","10","184","39","3.75","0","0","0","65","92","0","true","elapsed_ms=317"
"R0171","2026-04-26T09:59:10.7150213Z","LEO","12","AMD Ryzen 7 4800H with Radeon Graphics         ","local-llm-runtime","moe-16b-4bactive","moe","16","4","Q4_K_M","4096","256","1","none","none","0","false","8.5","376","43","4.5","0","0","0","65","92","0","true","elapsed_ms=292"
"R0172","2026-04-26T09:59:11.0201343Z","LEO","12","AMD Ryzen 7 4800H with Radeon Graphics         ","local-llm-runtime","moe-16b-4bactive","moe","16","4","Q4_K_M","4096","256","1","zram_lz4_25","lz4","25","false","8.5","376","43","4.5","0","0","0","65","92","0","true","elapsed_ms=298"
"R0173","2026-04-26T09:59:11.3311032Z","LEO","12","AMD Ryzen 7 4800H with Radeon Graphics         ","local-llm-runtime","moe-16b-4bactive","moe","16","4","Q4_K_M","4096","256","1","zram_lz4_50","lz4","50","false","8.5","376","43","4.5","0","0","0","65","92","0","true","elapsed_ms=319"
"R0174","2026-04-26T09:59:11.6645024Z","LEO","12","AMD Ryzen 7 4800H with Radeon Graphics         ","local-llm-runtime","moe-16b-4bactive","moe","16","4","Q4_K_M","4096","256","1","zram_zstd_50","zstd","50","false","8.5","376","43","4.5","0","0","0","65","92","0","true","elapsed_ms=296"
"R0175","2026-04-26T09:59:11.9725729Z","LEO","12","AMD Ryzen 7 4800H with Radeon Graphics         ","local-llm-runtime","moe-16b-4bactive","moe","16","4","Q4_K_M","4096","256","1","zswap_lz4_default","lz4","0","true","8.5","376","43","4.5","0","0","0","65","92","0","true","elapsed_ms=288"
"R0176","2026-04-26T09:59:12.2735903Z","LEO","12","AMD Ryzen 7 4800H with Radeon Graphics         ","local-llm-runtime","moe-16b-4bactive","moe","16","4","Q4_K_M","8192","512","1","none","none","0","false","8.25","632","51","5.5","0","0","0","65","92","0","true","elapsed_ms=302"
"R0177","2026-04-26T09:59:12.5879050Z","LEO","12","AMD Ryzen 7 4800H with Radeon Graphics         ","local-llm-runtime","moe-16b-4bactive","moe","16","4","Q4_K_M","8192","512","1","zram_lz4_25","lz4","25","false","8.25","632","51","5.5","0","0","0","65","92","0","true","elapsed_ms=323"
"R0178","2026-04-26T09:59:12.9240263Z","LEO","12","AMD Ryzen 7 4800H with Radeon Graphics         ","local-llm-runtime","moe-16b-4bactive","moe","16","4","Q4_K_M","8192","512","1","zram_lz4_50","lz4","50","false","8.25","632","51","5.5","0","0","0","65","92","0","true","elapsed_ms=290"
"R0179","2026-04-26T09:59:13.2275772Z","LEO","12","AMD Ryzen 7 4800H with Radeon Graphics         ","local-llm-runtime","moe-16b-4bactive","moe","16","4","Q4_K_M","8192","512","1","zram_zstd_50","zstd","50","false","8.25","632","51","5.5","0","0","0","65","92","0","true","elapsed_ms=293"
"R0180","2026-04-26T09:59:13.5336734Z","LEO","12","AMD Ryzen 7 4800H with Radeon Graphics         ","local-llm-runtime","moe-16b-4bactive","moe","16","4","Q4_K_M","8192","512","1","zswap_lz4_default","lz4","0","true","8.25","632","51","5.5","0","0","0","65","92","0","true","elapsed_ms=321"
"R0181","2026-04-26T09:59:13.8700801Z","LEO","16","AMD Ryzen 7 4800H with Radeon Graphics         ","local-llm-runtime","dense-3b-instruct","dense","3","3","Q4_K_M","1024","128","1","none","none","0","false","10","184","39","3.75","0","0","0","65","92","0","true","elapsed_ms=351"
"R0182","2026-04-26T09:59:14.2382309Z","LEO","16","AMD Ryzen 7 4800H with Radeon Graphics         ","local-llm-runtime","dense-3b-instruct","dense","3","3","Q4_K_M","1024","128","1","zram_lz4_25","lz4","25","false","10","184","39","3.75","0","0","0","65","92","0","true","elapsed_ms=330"
"R0183","2026-04-26T09:59:14.5820970Z","LEO","16","AMD Ryzen 7 4800H with Radeon Graphics         ","local-llm-runtime","dense-3b-instruct","dense","3","3","Q4_K_M","1024","128","1","zram_lz4_50","lz4","50","false","10","184","39","3.75","0","0","0","65","92","0","true","elapsed_ms=365"
"R0184","2026-04-26T09:59:14.9637326Z","LEO","16","AMD Ryzen 7 4800H with Radeon Graphics         ","local-llm-runtime","dense-3b-instruct","dense","3","3","Q4_K_M","1024","128","1","zram_zstd_50","zstd","50","false","10","184","39","3.75","0","0","0","65","92","0","true","elapsed_ms=331"
"R0185","2026-04-26T09:59:15.3110060Z","LEO","16","AMD Ryzen 7 4800H with Radeon Graphics         ","local-llm-runtime","dense-3b-instruct","dense","3","3","Q4_K_M","1024","128","1","zswap_lz4_default","lz4","0","true","10","184","39","3.75","0","0","0","65","92","0","true","elapsed_ms=370"
"R0186","2026-04-26T09:59:15.6973259Z","LEO","16","AMD Ryzen 7 4800H with Radeon Graphics         ","local-llm-runtime","dense-3b-instruct","dense","3","3","Q4_K_M","4096","256","1","none","none","0","false","8.5","376","43","4.5","0","0","0","65","92","0","true","elapsed_ms=327"
"R0187","2026-04-26T09:59:16.0393334Z","LEO","16","AMD Ryzen 7 4800H with Radeon Graphics         ","local-llm-runtime","dense-3b-instruct","dense","3","3","Q4_K_M","4096","256","1","zram_lz4_25","lz4","25","false","8.5","376","43","4.5","0","0","0","65","92","0","true","elapsed_ms=335"
"R0188","2026-04-26T09:59:16.3884140Z","LEO","16","AMD Ryzen 7 4800H with Radeon Graphics         ","local-llm-runtime","dense-3b-instruct","dense","3","3","Q4_K_M","4096","256","1","zram_lz4_50","lz4","50","false","8.5","376","43","4.5","0","0","0","65","92","0","true","elapsed_ms=335"
"R0189","2026-04-26T09:59:16.7366807Z","LEO","16","AMD Ryzen 7 4800H with Radeon Graphics         ","local-llm-runtime","dense-3b-instruct","dense","3","3","Q4_K_M","4096","256","1","zram_zstd_50","zstd","50","false","8.5","376","43","4.5","0","0","0","65","92","0","true","elapsed_ms=303"
"R0190","2026-04-26T09:59:17.0551213Z","LEO","16","AMD Ryzen 7 4800H with Radeon Graphics         ","local-llm-runtime","dense-3b-instruct","dense","3","3","Q4_K_M","4096","256","1","zswap_lz4_default","lz4","0","true","8.5","376","43","4.5","0","0","0","65","92","0","true","elapsed_ms=326"
"R0191","2026-04-26T09:59:17.3940632Z","LEO","16","AMD Ryzen 7 4800H with Radeon Graphics         ","local-llm-runtime","dense-3b-instruct","dense","3","3","Q4_K_M","8192","512","1","none","none","0","false","8.25","632","51","5.5","0","0","0","65","92","0","true","elapsed_ms=364"
"R0192","2026-04-26T09:59:17.7753252Z","LEO","16","AMD Ryzen 7 4800H with Radeon Graphics         ","local-llm-runtime","dense-3b-instruct","dense","3","3","Q4_K_M","8192","512","1","zram_lz4_25","lz4","25","false","8.25","632","51","5.5","0","0","0","65","92","0","true","elapsed_ms=300"
"R0193","2026-04-26T09:59:18.0877348Z","LEO","16","AMD Ryzen 7 4800H with Radeon Graphics         ","local-llm-runtime","dense-3b-instruct","dense","3","3","Q4_K_M","8192","512","1","zram_lz4_50","lz4","50","false","8.25","632","51","5.5","0","0","0","65","92","0","true","elapsed_ms=297"
"R0194","2026-04-26T09:59:18.3981464Z","LEO","16","AMD Ryzen 7 4800H with Radeon Graphics         ","local-llm-runtime","dense-3b-instruct","dense","3","3","Q4_K_M","8192","512","1","zram_zstd_50","zstd","50","false","8.25","632","51","5.5","0","0","0","65","92","0","true","elapsed_ms=293"
"R0195","2026-04-26T09:59:18.7044144Z","LEO","16","AMD Ryzen 7 4800H with Radeon Graphics         ","local-llm-runtime","dense-3b-instruct","dense","3","3","Q4_K_M","8192","512","1","zswap_lz4_default","lz4","0","true","8.25","632","51","5.5","0","0","0","65","92","0","true","elapsed_ms=340"
"R0196","2026-04-26T09:59:19.0588414Z","LEO","16","AMD Ryzen 7 4800H with Radeon Graphics         ","local-llm-runtime","dense-7b-instruct","dense","7","7","Q4_K_M","1024","128","1","none","none","0","false","10","184","39","3.75","0","0","0","65","92","0","true","elapsed_ms=297"
"R0197","2026-04-26T09:59:19.3693485Z","LEO","16","AMD Ryzen 7 4800H with Radeon Graphics         ","local-llm-runtime","dense-7b-instruct","dense","7","7","Q4_K_M","1024","128","1","zram_lz4_25","lz4","25","false","10","184","39","3.75","0","0","0","65","92","0","true","elapsed_ms=294"
"R0198","2026-04-26T09:59:19.6762865Z","LEO","16","AMD Ryzen 7 4800H with Radeon Graphics         ","local-llm-runtime","dense-7b-instruct","dense","7","7","Q4_K_M","1024","128","1","zram_lz4_50","lz4","50","false","10","184","39","3.75","0","0","0","65","92","0","true","elapsed_ms=292"
"R0199","2026-04-26T09:59:19.9847606Z","LEO","16","AMD Ryzen 7 4800H with Radeon Graphics         ","local-llm-runtime","dense-7b-instruct","dense","7","7","Q4_K_M","1024","128","1","zram_zstd_50","zstd","50","false","10","184","39","3.75","0","0","0","65","92","0","true","elapsed_ms=291"
"R0200","2026-04-26T09:59:20.2881648Z","LEO","16","AMD Ryzen 7 4800H with Radeon Graphics         ","local-llm-runtime","dense-7b-instruct","dense","7","7","Q4_K_M","1024","128","1","zswap_lz4_default","lz4","0","true","10","184","39","3.75","0","0","0","65","92","0","true","elapsed_ms=302"
"R0201","2026-04-26T09:59:20.6031855Z","LEO","16","AMD Ryzen 7 4800H with Radeon Graphics         ","local-llm-runtime","dense-7b-instruct","dense","7","7","Q4_K_M","4096","256","1","none","none","0","false","8.5","376","43","4.5","0","0","0","65","92","0","true","elapsed_ms=296"
"R0202","2026-04-26T09:59:20.9118081Z","LEO","16","AMD Ryzen 7 4800H with Radeon Graphics         ","local-llm-runtime","dense-7b-instruct","dense","7","7","Q4_K_M","4096","256","1","zram_lz4_25","lz4","25","false","8.5","376","43","4.5","0","0","0","65","92","0","true","elapsed_ms=313"
"R0203","2026-04-26T09:59:21.2406663Z","LEO","16","AMD Ryzen 7 4800H with Radeon Graphics         ","local-llm-runtime","dense-7b-instruct","dense","7","7","Q4_K_M","4096","256","1","zram_lz4_50","lz4","50","false","8.5","376","43","4.5","0","0","0","65","92","0","true","elapsed_ms=455"
"R0204","2026-04-26T09:59:21.7086188Z","LEO","16","AMD Ryzen 7 4800H with Radeon Graphics         ","local-llm-runtime","dense-7b-instruct","dense","7","7","Q4_K_M","4096","256","1","zram_zstd_50","zstd","50","false","8.5","376","43","4.5","0","0","0","65","92","0","true","elapsed_ms=295"
"R0205","2026-04-26T09:59:22.0148114Z","LEO","16","AMD Ryzen 7 4800H with Radeon Graphics         ","local-llm-runtime","dense-7b-instruct","dense","7","7","Q4_K_M","4096","256","1","zswap_lz4_default","lz4","0","true","8.5","376","43","4.5","0","0","0","65","92","0","true","elapsed_ms=293"
"R0206","2026-04-26T09:59:22.3229301Z","LEO","16","AMD Ryzen 7 4800H with Radeon Graphics         ","local-llm-runtime","dense-7b-instruct","dense","7","7","Q4_K_M","8192","512","1","none","none","0","false","8.25","632","51","5.5","0","0","0","65","92","0","true","elapsed_ms=334"
"R0207","2026-04-26T09:59:22.6718083Z","LEO","16","AMD Ryzen 7 4800H with Radeon Graphics         ","local-llm-runtime","dense-7b-instruct","dense","7","7","Q4_K_M","8192","512","1","zram_lz4_25","lz4","25","false","8.25","632","51","5.5","0","0","0","65","92","0","true","elapsed_ms=341"
"R0208","2026-04-26T09:59:23.0279275Z","LEO","16","AMD Ryzen 7 4800H with Radeon Graphics         ","local-llm-runtime","dense-7b-instruct","dense","7","7","Q4_K_M","8192","512","1","zram_lz4_50","lz4","50","false","8.25","632","51","5.5","0","0","0","65","92","0","true","elapsed_ms=298"
"R0209","2026-04-26T09:59:23.3369779Z","LEO","16","AMD Ryzen 7 4800H with Radeon Graphics         ","local-llm-runtime","dense-7b-instruct","dense","7","7","Q4_K_M","8192","512","1","zram_zstd_50","zstd","50","false","8.25","632","51","5.5","0","0","0","65","92","0","true","elapsed_ms=304"
"R0210","2026-04-26T09:59:23.6585660Z","LEO","16","AMD Ryzen 7 4800H with Radeon Graphics         ","local-llm-runtime","dense-7b-instruct","dense","7","7","Q4_K_M","8192","512","1","zswap_lz4_default","lz4","0","true","8.25","632","51","5.5","0","0","0","65","92","0","true","elapsed_ms=348"
"R0211","2026-04-26T09:59:24.0239703Z","LEO","16","AMD Ryzen 7 4800H with Radeon Graphics         ","local-llm-runtime","dense-8b-instruct","dense","8","8","Q4_K_M","1024","128","1","none","none","0","false","10","184","39","3.75","0","0","0","65","92","0","true","elapsed_ms=334"
"R0212","2026-04-26T09:59:24.3713149Z","LEO","16","AMD Ryzen 7 4800H with Radeon Graphics         ","local-llm-runtime","dense-8b-instruct","dense","8","8","Q4_K_M","1024","128","1","zram_lz4_25","lz4","25","false","10","184","39","3.75","0","0","0","65","92","0","true","elapsed_ms=307"
"R0213","2026-04-26T09:59:24.6911549Z","LEO","16","AMD Ryzen 7 4800H with Radeon Graphics         ","local-llm-runtime","dense-8b-instruct","dense","8","8","Q4_K_M","1024","128","1","zram_lz4_50","lz4","50","false","10","184","39","3.75","0","0","0","65","92","0","true","elapsed_ms=289"
"R0214","2026-04-26T09:59:24.9931121Z","LEO","16","AMD Ryzen 7 4800H with Radeon Graphics         ","local-llm-runtime","dense-8b-instruct","dense","8","8","Q4_K_M","1024","128","1","zram_zstd_50","zstd","50","false","10","184","39","3.75","0","0","0","65","92","0","true","elapsed_ms=288"
"R0215","2026-04-26T09:59:25.2939921Z","LEO","16","AMD Ryzen 7 4800H with Radeon Graphics         ","local-llm-runtime","dense-8b-instruct","dense","8","8","Q4_K_M","1024","128","1","zswap_lz4_default","lz4","0","true","10","184","39","3.75","0","0","0","65","92","0","true","elapsed_ms=301"
"R0216","2026-04-26T09:59:25.6079710Z","LEO","16","AMD Ryzen 7 4800H with Radeon Graphics         ","local-llm-runtime","dense-8b-instruct","dense","8","8","Q4_K_M","4096","256","1","none","none","0","false","8.5","376","43","4.5","0","0","0","65","92","0","true","elapsed_ms=294"
"R0217","2026-04-26T09:59:25.9158686Z","LEO","16","AMD Ryzen 7 4800H with Radeon Graphics         ","local-llm-runtime","dense-8b-instruct","dense","8","8","Q4_K_M","4096","256","1","zram_lz4_25","lz4","25","false","8.5","376","43","4.5","0","0","0","65","92","0","true","elapsed_ms=294"
"R0218","2026-04-26T09:59:26.2225801Z","LEO","16","AMD Ryzen 7 4800H with Radeon Graphics         ","local-llm-runtime","dense-8b-instruct","dense","8","8","Q4_K_M","4096","256","1","zram_lz4_50","lz4","50","false","8.5","376","43","4.5","0","0","0","65","92","0","true","elapsed_ms=294"
"R0219","2026-04-26T09:59:26.5300497Z","LEO","16","AMD Ryzen 7 4800H with Radeon Graphics         ","local-llm-runtime","dense-8b-instruct","dense","8","8","Q4_K_M","4096","256","1","zram_zstd_50","zstd","50","false","8.5","376","43","4.5","0","0","0","65","92","0","true","elapsed_ms=299"
"R0220","2026-04-26T09:59:26.8421447Z","LEO","16","AMD Ryzen 7 4800H with Radeon Graphics         ","local-llm-runtime","dense-8b-instruct","dense","8","8","Q4_K_M","4096","256","1","zswap_lz4_default","lz4","0","true","8.5","376","43","4.5","0","0","0","65","92","0","true","elapsed_ms=292"
"R0221","2026-04-26T09:59:27.1468635Z","LEO","16","AMD Ryzen 7 4800H with Radeon Graphics         ","local-llm-runtime","dense-8b-instruct","dense","8","8","Q4_K_M","8192","512","1","none","none","0","false","8.25","632","51","5.5","0","0","0","65","92","0","true","elapsed_ms=305"
"R0222","2026-04-26T09:59:27.4673890Z","LEO","16","AMD Ryzen 7 4800H with Radeon Graphics         ","local-llm-runtime","dense-8b-instruct","dense","8","8","Q4_K_M","8192","512","1","zram_lz4_25","lz4","25","false","8.25","632","51","5.5","0","0","0","65","92","0","true","elapsed_ms=318"
"R0223","2026-04-26T09:59:27.8005032Z","LEO","16","AMD Ryzen 7 4800H with Radeon Graphics         ","local-llm-runtime","dense-8b-instruct","dense","8","8","Q4_K_M","8192","512","1","zram_lz4_50","lz4","50","false","8.25","632","51","5.5","0","0","0","65","92","0","true","elapsed_ms=330"
"R0224","2026-04-26T09:59:28.1437559Z","LEO","16","AMD Ryzen 7 4800H with Radeon Graphics         ","local-llm-runtime","dense-8b-instruct","dense","8","8","Q4_K_M","8192","512","1","zram_zstd_50","zstd","50","false","8.25","632","51","5.5","0","0","0","65","92","0","true","elapsed_ms=335"
"R0225","2026-04-26T09:59:28.4924160Z","LEO","16","AMD Ryzen 7 4800H with Radeon Graphics         ","local-llm-runtime","dense-8b-instruct","dense","8","8","Q4_K_M","8192","512","1","zswap_lz4_default","lz4","0","true","8.25","632","51","5.5","0","0","0","65","92","0","true","elapsed_ms=367"
"R0226","2026-04-26T09:59:28.8739105Z","LEO","16","AMD Ryzen 7 4800H with Radeon Graphics         ","local-llm-runtime","dense-13b-instruct","dense","13","13","Q4_K_M","1024","128","1","none","none","0","false","10","184","39","3.75","0","0","0","65","92","0","true","elapsed_ms=330"
"R0227","2026-04-26T09:59:29.2169313Z","LEO","16","AMD Ryzen 7 4800H with Radeon Graphics         ","local-llm-runtime","dense-13b-instruct","dense","13","13","Q4_K_M","1024","128","1","zram_lz4_25","lz4","25","false","10","184","39","3.75","0","0","0","65","92","0","true","elapsed_ms=307"
"R0228","2026-04-26T09:59:29.5370127Z","LEO","16","AMD Ryzen 7 4800H with Radeon Graphics         ","local-llm-runtime","dense-13b-instruct","dense","13","13","Q4_K_M","1024","128","1","zram_lz4_50","lz4","50","false","10","184","39","3.75","0","0","0","65","92","0","true","elapsed_ms=304"
"R0229","2026-04-26T09:59:29.8542444Z","LEO","16","AMD Ryzen 7 4800H with Radeon Graphics         ","local-llm-runtime","dense-13b-instruct","dense","13","13","Q4_K_M","1024","128","1","zram_zstd_50","zstd","50","false","10","184","39","3.75","0","0","0","65","92","0","true","elapsed_ms=313"
"R0230","2026-04-26T09:59:30.1796076Z","LEO","16","AMD Ryzen 7 4800H with Radeon Graphics         ","local-llm-runtime","dense-13b-instruct","dense","13","13","Q4_K_M","1024","128","1","zswap_lz4_default","lz4","0","true","10","184","39","3.75","0","0","0","65","92","0","true","elapsed_ms=292"
"R0231","2026-04-26T09:59:30.4846621Z","LEO","16","AMD Ryzen 7 4800H with Radeon Graphics         ","local-llm-runtime","dense-13b-instruct","dense","13","13","Q4_K_M","4096","256","1","none","none","0","false","8.5","376","43","4.5","0","0","0","65","92","0","true","elapsed_ms=297"
"R0232","2026-04-26T09:59:30.7941758Z","LEO","16","AMD Ryzen 7 4800H with Radeon Graphics         ","local-llm-runtime","dense-13b-instruct","dense","13","13","Q4_K_M","4096","256","1","zram_lz4_25","lz4","25","false","8.5","376","43","4.5","0","0","0","65","92","0","true","elapsed_ms=329"
"R0233","2026-04-26T09:59:31.1371333Z","LEO","16","AMD Ryzen 7 4800H with Radeon Graphics         ","local-llm-runtime","dense-13b-instruct","dense","13","13","Q4_K_M","4096","256","1","zram_lz4_50","lz4","50","false","8.5","376","43","4.5","0","0","0","65","92","0","true","elapsed_ms=307"
"R0234","2026-04-26T09:59:31.4558899Z","LEO","16","AMD Ryzen 7 4800H with Radeon Graphics         ","local-llm-runtime","dense-13b-instruct","dense","13","13","Q4_K_M","4096","256","1","zram_zstd_50","zstd","50","false","8.5","376","43","4.5","0","0","0","65","92","0","true","elapsed_ms=290"
"R0235","2026-04-26T09:59:31.7602531Z","LEO","16","AMD Ryzen 7 4800H with Radeon Graphics         ","local-llm-runtime","dense-13b-instruct","dense","13","13","Q4_K_M","4096","256","1","zswap_lz4_default","lz4","0","true","8.5","376","43","4.5","0","0","0","65","92","0","true","elapsed_ms=294"
"R0236","2026-04-26T09:59:32.0667859Z","LEO","16","AMD Ryzen 7 4800H with Radeon Graphics         ","local-llm-runtime","dense-13b-instruct","dense","13","13","Q4_K_M","8192","512","1","none","none","0","false","8.25","632","51","5.5","0","0","0","65","92","0","true","elapsed_ms=356"
"R0237","2026-04-26T09:59:32.4357266Z","LEO","16","AMD Ryzen 7 4800H with Radeon Graphics         ","local-llm-runtime","dense-13b-instruct","dense","13","13","Q4_K_M","8192","512","1","zram_lz4_25","lz4","25","false","8.25","632","51","5.5","0","0","0","65","92","0","true","elapsed_ms=292"
"R0238","2026-04-26T09:59:32.7396697Z","LEO","16","AMD Ryzen 7 4800H with Radeon Graphics         ","local-llm-runtime","dense-13b-instruct","dense","13","13","Q4_K_M","8192","512","1","zram_lz4_50","lz4","50","false","8.25","632","51","5.5","0","0","0","65","92","0","true","elapsed_ms=294"
"R0239","2026-04-26T09:59:33.0471952Z","LEO","16","AMD Ryzen 7 4800H with Radeon Graphics         ","local-llm-runtime","dense-13b-instruct","dense","13","13","Q4_K_M","8192","512","1","zram_zstd_50","zstd","50","false","8.25","632","51","5.5","0","0","0","65","92","0","true","elapsed_ms=303"
"R0240","2026-04-26T09:59:33.3633597Z","LEO","16","AMD Ryzen 7 4800H with Radeon Graphics         ","local-llm-runtime","dense-13b-instruct","dense","13","13","Q4_K_M","8192","512","1","zswap_lz4_default","lz4","0","true","8.25","632","51","5.5","0","0","0","65","92","0","true","elapsed_ms=324"
"R0241","2026-04-26T09:59:33.7030686Z","LEO","16","AMD Ryzen 7 4800H with Radeon Graphics         ","local-llm-runtime","moe-14b-3bactive","moe","14","3","Q4_K_M","1024","128","1","none","none","0","false","10","184","39","3.75","0","0","0","65","92","0","true","elapsed_ms=296"
"R0242","2026-04-26T09:59:34.0136225Z","LEO","16","AMD Ryzen 7 4800H with Radeon Graphics         ","local-llm-runtime","moe-14b-3bactive","moe","14","3","Q4_K_M","1024","128","1","zram_lz4_25","lz4","25","false","10","184","39","3.75","0","0","0","65","92","0","true","elapsed_ms=376"
"R0243","2026-04-26T09:59:34.4102041Z","LEO","16","AMD Ryzen 7 4800H with Radeon Graphics         ","local-llm-runtime","moe-14b-3bactive","moe","14","3","Q4_K_M","1024","128","1","zram_lz4_50","lz4","50","false","10","184","39","3.75","0","0","0","65","92","0","true","elapsed_ms=347"
"R0244","2026-04-26T09:59:34.7727053Z","LEO","16","AMD Ryzen 7 4800H with Radeon Graphics         ","local-llm-runtime","moe-14b-3bactive","moe","14","3","Q4_K_M","1024","128","1","zram_zstd_50","zstd","50","false","10","184","39","3.75","0","0","0","65","92","0","true","elapsed_ms=294"
"R0245","2026-04-26T09:59:35.0815689Z","LEO","16","AMD Ryzen 7 4800H with Radeon Graphics         ","local-llm-runtime","moe-14b-3bactive","moe","14","3","Q4_K_M","1024","128","1","zswap_lz4_default","lz4","0","true","10","184","39","3.75","0","0","0","65","92","0","true","elapsed_ms=286"
"R0246","2026-04-26T09:59:35.3798468Z","LEO","16","AMD Ryzen 7 4800H with Radeon Graphics         ","local-llm-runtime","moe-14b-3bactive","moe","14","3","Q4_K_M","4096","256","1","none","none","0","false","8.5","376","43","4.5","0","0","0","65","92","0","true","elapsed_ms=288"
"R0247","2026-04-26T09:59:35.6809219Z","LEO","16","AMD Ryzen 7 4800H with Radeon Graphics         ","local-llm-runtime","moe-14b-3bactive","moe","14","3","Q4_K_M","4096","256","1","zram_lz4_25","lz4","25","false","8.5","376","43","4.5","0","0","0","65","92","0","true","elapsed_ms=293"
"R0248","2026-04-26T09:59:35.9873063Z","LEO","16","AMD Ryzen 7 4800H with Radeon Graphics         ","local-llm-runtime","moe-14b-3bactive","moe","14","3","Q4_K_M","4096","256","1","zram_lz4_50","lz4","50","false","8.5","376","43","4.5","0","0","0","65","92","0","true","elapsed_ms=302"
"R0249","2026-04-26T09:59:36.3028197Z","LEO","16","AMD Ryzen 7 4800H with Radeon Graphics         ","local-llm-runtime","moe-14b-3bactive","moe","14","3","Q4_K_M","4096","256","1","zram_zstd_50","zstd","50","false","8.5","376","43","4.5","0","0","0","65","92","0","true","elapsed_ms=295"
"R0250","2026-04-26T09:59:36.6117211Z","LEO","16","AMD Ryzen 7 4800H with Radeon Graphics         ","local-llm-runtime","moe-14b-3bactive","moe","14","3","Q4_K_M","4096","256","1","zswap_lz4_default","lz4","0","true","8.5","376","43","4.5","0","0","0","65","92","0","true","elapsed_ms=283"
"R0251","2026-04-26T09:59:36.9075682Z","LEO","16","AMD Ryzen 7 4800H with Radeon Graphics         ","local-llm-runtime","moe-14b-3bactive","moe","14","3","Q4_K_M","8192","512","1","none","none","0","false","8.25","632","51","5.5","0","0","0","65","92","0","true","elapsed_ms=294"
"R0252","2026-04-26T09:59:37.2160759Z","LEO","16","AMD Ryzen 7 4800H with Radeon Graphics         ","local-llm-runtime","moe-14b-3bactive","moe","14","3","Q4_K_M","8192","512","1","zram_lz4_25","lz4","25","false","8.25","632","51","5.5","0","0","0","65","92","0","true","elapsed_ms=371"
"R0253","2026-04-26T09:59:37.6003962Z","LEO","16","AMD Ryzen 7 4800H with Radeon Graphics         ","local-llm-runtime","moe-14b-3bactive","moe","14","3","Q4_K_M","8192","512","1","zram_lz4_50","lz4","50","false","8.25","632","51","5.5","0","0","0","65","92","0","true","elapsed_ms=298"
"R0254","2026-04-26T09:59:37.9108074Z","LEO","16","AMD Ryzen 7 4800H with Radeon Graphics         ","local-llm-runtime","moe-14b-3bactive","moe","14","3","Q4_K_M","8192","512","1","zram_zstd_50","zstd","50","false","8.25","632","51","5.5","0","0","0","65","92","0","true","elapsed_ms=283"
"R0255","2026-04-26T09:59:38.2092148Z","LEO","16","AMD Ryzen 7 4800H with Radeon Graphics         ","local-llm-runtime","moe-14b-3bactive","moe","14","3","Q4_K_M","8192","512","1","zswap_lz4_default","lz4","0","true","8.25","632","51","5.5","0","0","0","65","92","0","true","elapsed_ms=294"
"R0256","2026-04-26T09:59:38.5179982Z","LEO","16","AMD Ryzen 7 4800H with Radeon Graphics         ","local-llm-runtime","moe-16b-4bactive","moe","16","4","Q4_K_M","1024","128","1","none","none","0","false","10","184","39","3.75","0","0","0","65","92","0","true","elapsed_ms=319"
"R0257","2026-04-26T09:59:38.8487077Z","LEO","16","AMD Ryzen 7 4800H with Radeon Graphics         ","local-llm-runtime","moe-16b-4bactive","moe","16","4","Q4_K_M","1024","128","1","zram_lz4_25","lz4","25","false","10","184","39","3.75","0","0","0","65","92","0","true","elapsed_ms=294"
"R0258","2026-04-26T09:59:39.1555525Z","LEO","16","AMD Ryzen 7 4800H with Radeon Graphics         ","local-llm-runtime","moe-16b-4bactive","moe","16","4","Q4_K_M","1024","128","1","zram_lz4_50","lz4","50","false","10","184","39","3.75","0","0","0","65","92","0","true","elapsed_ms=293"
"R0259","2026-04-26T09:59:39.4617272Z","LEO","16","AMD Ryzen 7 4800H with Radeon Graphics         ","local-llm-runtime","moe-16b-4bactive","moe","16","4","Q4_K_M","1024","128","1","zram_zstd_50","zstd","50","false","10","184","39","3.75","0","0","0","65","92","0","true","elapsed_ms=323"
"R0260","2026-04-26T09:59:39.7968658Z","LEO","16","AMD Ryzen 7 4800H with Radeon Graphics         ","local-llm-runtime","moe-16b-4bactive","moe","16","4","Q4_K_M","1024","128","1","zswap_lz4_default","lz4","0","true","10","184","39","3.75","0","0","0","65","92","0","true","elapsed_ms=327"
"R0261","2026-04-26T09:59:40.1364750Z","LEO","16","AMD Ryzen 7 4800H with Radeon Graphics         ","local-llm-runtime","moe-16b-4bactive","moe","16","4","Q4_K_M","4096","256","1","none","none","0","false","8.5","376","43","4.5","0","0","0","65","92","0","true","elapsed_ms=292"
"R0262","2026-04-26T09:59:40.4443036Z","LEO","16","AMD Ryzen 7 4800H with Radeon Graphics         ","local-llm-runtime","moe-16b-4bactive","moe","16","4","Q4_K_M","4096","256","1","zram_lz4_25","lz4","25","false","8.5","376","43","4.5","0","0","0","65","92","0","true","elapsed_ms=290"
"R0263","2026-04-26T09:59:40.7486010Z","LEO","16","AMD Ryzen 7 4800H with Radeon Graphics         ","local-llm-runtime","moe-16b-4bactive","moe","16","4","Q4_K_M","4096","256","1","zram_lz4_50","lz4","50","false","8.5","376","43","4.5","0","0","0","65","92","0","true","elapsed_ms=326"
"R0264","2026-04-26T09:59:41.0873636Z","LEO","16","AMD Ryzen 7 4800H with Radeon Graphics         ","local-llm-runtime","moe-16b-4bactive","moe","16","4","Q4_K_M","4096","256","1","zram_zstd_50","zstd","50","false","8.5","376","43","4.5","0","0","0","65","92","0","true","elapsed_ms=297"
"R0265","2026-04-26T09:59:41.3982562Z","LEO","16","AMD Ryzen 7 4800H with Radeon Graphics         ","local-llm-runtime","moe-16b-4bactive","moe","16","4","Q4_K_M","4096","256","1","zswap_lz4_default","lz4","0","true","8.5","376","43","4.5","0","0","0","65","92","0","true","elapsed_ms=293"
"R0266","2026-04-26T09:59:41.7047619Z","LEO","16","AMD Ryzen 7 4800H with Radeon Graphics         ","local-llm-runtime","moe-16b-4bactive","moe","16","4","Q4_K_M","8192","512","1","none","none","0","false","8.25","632","51","5.5","0","0","0","65","92","0","true","elapsed_ms=284"
"R0267","2026-04-26T09:59:42.0020311Z","LEO","16","AMD Ryzen 7 4800H with Radeon Graphics         ","local-llm-runtime","moe-16b-4bactive","moe","16","4","Q4_K_M","8192","512","1","zram_lz4_25","lz4","25","false","8.25","632","51","5.5","0","0","0","65","92","0","true","elapsed_ms=298"
"R0268","2026-04-26T09:59:42.3140977Z","LEO","16","AMD Ryzen 7 4800H with Radeon Graphics         ","local-llm-runtime","moe-16b-4bactive","moe","16","4","Q4_K_M","8192","512","1","zram_lz4_50","lz4","50","false","8.25","632","51","5.5","0","0","0","65","92","0","true","elapsed_ms=294"
"R0269","2026-04-26T09:59:42.6200006Z","LEO","16","AMD Ryzen 7 4800H with Radeon Graphics         ","local-llm-runtime","moe-16b-4bactive","moe","16","4","Q4_K_M","8192","512","1","zram_zstd_50","zstd","50","false","8.25","632","51","5.5","0","0","0","65","92","0","true","elapsed_ms=295"
"R0270","2026-04-26T09:59:42.9279260Z","LEO","16","AMD Ryzen 7 4800H with Radeon Graphics         ","local-llm-runtime","moe-16b-4bactive","moe","16","4","Q4_K_M","8192","512","1","zswap_lz4_default","lz4","0","true","8.25","632","51","5.5","0","0","0","65","92","0","true","elapsed_ms=289"
